term,category,subcategory,sensitivity,source
방위사업청,ORG,정부기관,low,공개명칭
국방과학연구소,ORG,연구기관,low,공개명칭
국방기술진흥연구소,ORG,연구기관,low,공개명칭
국군방첩사령부,ORG,수사·방첩기관,low,공개명칭
합동참모본부,ORG,군기관,low,공개명칭
방위산업기술지원센터,ORG,지원기관,low,공개명칭
한국방위산업진흥회,ORG,협회,low,공개명칭
방산업체,ORG,일반명사,low,법령용어
방위산업기술 보호법,LAW,법령,low,법령명
방위사업법,LAW,법령,low,법령명
군사기밀 보호법,LAW,법령,low,법령명
산업기술의 유출방지 및 보호에 관한 법률,LAW,법령,low,법령명
대외무역법,LAW,법령,low,법령명
부정경쟁방지 및 영업비밀보호에 관한 법률,LAW,법령,low,법령명
국가핵심기술,GRADE,지정등급,mid,법령용어
방위산업기술,GRADE,지정등급,mid,법령용어
전략물자,GRADE,수출통제,mid,법령용어
수출통제,GRADE,수출통제,low,법령용어
군사기밀,GRADE,비밀등급,mid,법령용어
군사 I급 비밀,GRADE,비밀등급,mid,법령용어
군사 II급 비밀,GRADE,비밀등급,mid,법령용어
군사 III급 비밀,GRADE,비밀등급,mid,법령용어
대외비,GRADE,비밀등급,mid,일반용어
능동위상배열레이더,TECH,센서,high,공개기술용어
전술데이터링크,TECH,통신,high,공개기술용어
유도무기 탐색기,TECH,유도무기,high,공개기술용어
전차 파워팩,TECH,지상체계,high,공개기술용어
잠수함 소음저감 기술,TECH,수상·수중,high,공개기술용어
함정 소나체계,TECH,수상·수중,high,공개기술용어
스텔스 코팅,TECH,항공,high,공개기술용어
항공기 엔진 제어소프트웨어,TECH,항공,high,공개기술용어
전자전 장비,TECH,전자전,high,공개기술용어
위성항법 재밍 대응,TECH,전자전,high,공개기술용어
고출력 레이저 무기,TECH,신개념,high,공개기술용어
극초음속 비행체,TECH,신개념,high,공개기술용어
무인기 비행제어,TECH,무인체계,high,공개기술용어
탄도탄 요격 체계,TECH,유도무기,high,공개기술용어
군용 암호장비,TECH,통신보안,high,공개기술용어
설계도면,DOC,기술자료,mid,일반용어
소스코드,DOC,기술자료,mid,일반용어
기술자료,DOC,기술자료,mid,일반용어
시험평가결과서,DOC,사업문서,mid,일반용어
작전요구성능,DOC,사업문서,mid,일반용어
체계개발 제안요청서,DOC,사업문서,mid,일반용어
기술이전 계약서,DOC,계약문서,mid,일반용어
수출허가서,DOC,계약문서,mid,일반용어
USB 저장매체,CHANNEL,반출매체,mid,범죄사실 빈출
개인 클라우드,CHANNEL,반출매체,mid,범죄사실 빈출
개인 이메일,CHANNEL,전송수단,mid,범죄사실 빈출
메신저 전송,CHANNEL,전송수단,mid,범죄사실 빈출
촬영,CHANNEL,반출수법,mid,범죄사실 빈출
퇴직 시 자료 반출,CHANNEL,반출수법,mid,범죄사실 빈출
해외 협력업체,CHANNEL,수령처,mid,범죄사실 빈출
해외 학회 발표,CHANNEL,수령처,mid,범죄사실 빈출
외국 정보기관,ACTOR,수령처,mid,범죄사실 빈출
외국 방산업체,ACTOR,수령처,mid,범죄사실 빈출
중국 소재 업체,ACTOR,수령처,mid,범죄사실 빈출
브로커,ACTOR,중간자,mid,범죄사실 빈출
협력업체 직원,ACTOR,내부자,mid,범죄사실 빈출
전직 연구원,ACTOR,내부자,mid,범죄사실 빈출
