no,court_date,case_no,case_name,field,where_to_get,confidence,note
1,서울고등법원 2015.6.18.,2015노250,군사기밀보호법위반·뇌물공여 등,방산(군사기밀),"LBOX https://lbox.kr/v2/case/서울고등법원/2015노250",검색결과로 존재 확인,방산 컨설턴트·해외 방산업체 외국인 누설 사건 항소심
2,대법원 2023.6.1.,2018도18866,군사기밀보호법위반(예비적 군기누설),방산(군사기밀),"법원 판례속보 https://scourt.go.kr/portal/news/NewsViewAction.work?gubun=4&seqnum=9239",검색결과로 존재 확인,현역군인-방산업체 관계자 / 압수수색 관련성 쟁점
3,대법원 2025.2.27.,2021도8284,군사기밀보호법위반,방산(군사기밀),"CaseNote https://casenote.kr/대법원/2021도8284",검색결과로 존재 확인,파기환송 / 압수 영장 관련성
4,대전지방법원 2022.9.1.,2022고합34,군사기밀보호법위반,방산(군사기밀),"LBOX 통합검색 사건번호",검색결과 목록에서 확인,피고인 3인 징역형
5,서울중앙지방법원 2022.4.22.,2021고합110,군사기밀보호법위반,방산(군사기밀),"LBOX 통합검색 사건번호",검색결과 목록에서 확인,징역1년 집행유예2년
6,수원지방법원 2023.8.10.,2022고단2437,군사기밀보호법위반·업무상배임,방산(군사기밀),"LBOX 통합검색 사건번호",검색결과 목록에서 확인,벌금 400만원
7,서울중앙지방법원 2024.10.16.,2023고합1098 외,산업기술보호법위반·영업비밀국외누설·업무상배임,산업기술,"LBOX https://lbox.kr/case/서울중앙지방법원/2023고합1098",검색결과로 존재 확인,중국 이직·소스코드 USB 유출
8,서울중앙지방법원 2024.6.21.,2023고합814,산업기술보호법위반·영업비밀국외누설·업무상배임,산업기술(국가핵심기술),"CaseNote https://casenote.kr/서울중앙지방법원/2023고합814",검색결과로 존재 확인,국가핵심기술 고의 쟁점
9,서울중앙지방법원 2025.2.19.,2023고합1111 외,산업기술보호법위반·영업비밀국외누설 등,산업기술,"LBOX https://lbox.kr/v2/case/서울중앙지방법원/2023고합1111",검색결과로 존재 확인,장비 매뉴얼 전송·누설 쟁점
10,서울고등법원 2023.9.1.,2022노938,산업기술보호법위반·업무상배임,산업기술,"LBOX https://lbox.kr/case/서울고등법원/2022노938",검색결과로 존재 확인,원심 무죄→대법원 2022도7718 연결
11,대법원 2025.9.25.,2022도7718,산업기술보호법위반 등,산업기술,"법원 판례속보 scourt.go.kr 판례속보 seqnum=10666",검색결과로 존재 확인,산업기술 해당성·사용 개념
12,대법원 2018.7.12.,2015도464,산업기술보호법위반·업무상배임,산업기술(국외사용 목적),"국가법령정보센터 https://www.law.go.kr/LSW//precInfoP.do?precSeq=199735",검색결과로 존재 확인,국가법령정보센터 판례 DB(Open API 수집 가능)
13,대법원 2026.8.12.,2026도7552,일반이적·군기누설·부정처사후수뢰 등,방산(군사기밀),"뉴스(법률신문·네이트)로만 확인",판결문 공개 여부 미확인,육군 병사 / 중국 정보기관 관계자 접촉 사건 (선택)
